{
        "proxyPort": "8080",
        "proxyHost": "pro-campus.noc.fiducia.de",
		
        "Google_App_Name": "ProjektCalendar",		
        "credentialsParentPathName": "user.home",
        "credentialsChildPathName": ".credentials/calendar-java-quickstart",
		"client_secret":"xxx",
		
		"KiTeamGoogleCalendar":"1tme2h75uo1tulovli647n4s3c@group.calendar.google.com",
		"ItTermineKaGoogleCalendar":"nsb7jkat2efmkfs85qcbvouk8g@group.calendar.google.com",
		
		"MeetupApiKey":"xxx",
		
		"bewertungskriterien":{
		"Deep Learning": 5,
		"IT": 5,
		"Informatik": 5,
		"Software": 5,
		"Softwarearchitektur": 5,
		"Softwareentwicklung": 5,
		"Kubernetes": 5,
		"Bitcoin": 5,
		"Data Science": 5,
		"AI": 5,
		"KI": 5,
		"Big Data": 5,
		"Big-Data": 5,
		"Artificial": 5,
		"Machine Learning": 5,
		"Google": 5,
		"frühstück": -30,
		"Frühstück":-30,
		"Kinder": -30,
		"Jugendliche": -30
}
}