{
        "proxyPort": "8080",
        "proxyHost": "pro-campus.noc.fiducia.de",
		
        "Google_App_Name": "ProjektCalendar",		
        "credentialsParentPathName": "user.home",
        "credentialsChildPathName": ".credentials/calendar-java-quickstart",
		"client_secret":"xxx",
		
		"KiTeamGoogleCalendar":"1tme2h75uo1tulovli647n4s3c@group.calendar.google.com",
		"ItTermineKaGoogleCalendar":"nsb7jkat2efmkfs85qcbvouk8g@group.calendar.google.com",
		
		"MeetupApiKey":"224e576ba37104f3718236e67645",
}